epoch_tag,strategy_id,strategy_label,future_id,U_inc_mult,U_headroom_mult,U_upgrade_capex_mult,U_voll,U_consents_uplift,selected_upgrade_name,selected_capacity_MW,annualised_upgrade_cost_nzd,annual_incremental_MWh,annual_shed_MWh,shed_fraction,annual_shed_cost_nzd,total_cost_nzd,max_exceed_MW,p95_exceed_MW,p99_exceed_MW,hours_exceed,hours_shed,menu_max_capacity_MW,menu_max_selected,satisficing_pass,voll_nzd_per_MWh_used,is_benchmark,is_policy,regret_vs_benchmark_nzd,regret_vs_best_policy_nzd,regret,n_hours_binding,unserved_peak_MW
2035_EB,S0,No upgrade (allow shedding),0,1.0,0.85,1.0,10000.0,1.25,none,0.0,0.0,827272.7272727272,444462.69777466625,0.5372626017056406,4444626977.746662,4444626977.746662,102.99390425137545,93.66195878541127,97.70592626741869,8609,8609,150.0,False,False,10000.0,False,True,4437594870.977262,4437594870.977262,4437594870.977262,8609,102.99390425137545
2035_EB,S1,Force fonterra_opt1_N_plus21MW,0,1.0,0.85,1.0,10000.0,1.25,fonterra_opt1_N_plus21MW,21.0,900109.6664833238,827272.7272727272,292950.63403638965,0.35411615103299854,2929506340.3638964,2930406450.03038,81.99390425137545,73.78298159542479,77.18162801875002,6234,6234,150.0,False,False,10000.0,False,True,2923374343.2609787,2923374343.2609787,2923374343.2609787,6234,81.99390425137545
2035_EB,S2,Force fonterra_opt2_N-1_plus32MW,0,1.0,0.85,1.0,10000.0,1.25,fonterra_opt2_N-1_plus32MW,32.0,3197264.5444876393,827272.7272727272,227644.48233254123,0.2751746489734015,2276444823.3254123,2279642087.8698997,70.99390425137545,63.158445965624466,66.38891393956865,5606,5606,150.0,False,False,10000.0,False,True,2272609981.1004987,2272609981.1004987,2272609981.1004987,5606,70.99390425137545
2035_EB,S3,Force fonterra_opt3_N_plus97MW,0,1.0,0.85,1.0,10000.0,1.25,fonterra_opt3_N_plus97MW,97.0,5241263.57879352,827272.7272727272,195.36980613421872,0.00023616130411828639,1953698.0613421872,7194961.640135707,5.993904251375454,4.3276429014936015,5.475596851556127,130,130,150.0,False,False,10000.0,False,True,162854.87073474098,162854.87073474098,162854.87073474098,130,5.993904251375454
2035_EB,S4,Force fonterra_opt4_N_plus150MW,0,1.0,0.85,1.0,10000.0,1.25,fonterra_opt4_N_plus150MW,150.0,7032106.769400966,827272.7272727272,0.0,0.0,0.0,7032106.769400966,0.0,0.0,0.0,0,0,150.0,True,True,10000.0,False,True,0.0,0.0,0.0,0,0.0
2035_EB,S_AUTO,Auto-select upgrade (min cost),0,1.0,0.85,1.0,10000.0,1.25,fonterra_opt4_N_plus150MW,150.0,7032106.769400966,827272.7272727272,0.0,0.0,0.0,7032106.769400966,0.0,0.0,0.0,0,0,150.0,True,True,10000.0,True,False,0.0,0.0,0.0,0,0.0
2035_EB,S0,No upgrade (allow shedding),1,0.95,0.9,0.9,10000.0,1.3,none,0.0,0.0,785909.0909090908,384375.2162819074,0.4890835603355676,3843752162.819074,3843752162.819074,94.57902133595262,86.31273106694286,89.91084592549228,7618,7618,150.0,False,False,10000.0,False,True,3838846340.1093235,3838846340.1093235,3838846340.1093235,7618,94.57902133595262
2035_EB,S1,Force fonterra_opt1_N_plus21MW,1,0.95,0.9,0.9,10000.0,1.3,fonterra_opt1_N_plus21MW,21.0,842502.647828391,785909.0909090908,247470.98598397826,0.3148850024087636,2474709859.8397827,2475552362.4876113,73.57902133595262,66.17868695335552,69.25936985264681,5844,5844,150.0,False,False,10000.0,False,True,2470646539.7778606,2470646539.7778606,2470646539.7778606,5844,73.57902133595262
2035_EB,S2,Force fonterra_opt2_N-1_plus32MW,1,0.95,0.9,0.9,10000.0,1.3,fonterra_opt2_N-1_plus32MW,32.0,2992639.613640431,785909.0909090908,186597.07772039768,0.2374283232995228,1865970777.2039769,1868963416.8176174,62.57902133595262,55.44354026515879,58.347043013443376,5319,5319,150.0,False,False,10000.0,False,True,1864057594.1078668,1864057594.1078668,1864057594.1078668,5319,62.57902133595262
2035_EB,S3,Force fonterra_opt3_N_plus97MW,1,0.95,0.9,0.9,10000.0,1.3,fonterra_opt3_N_plus97MW,97.0,4905822.709750735,785909.0909090908,0.0,0.0,0.0,4905822.709750735,0.0,0.0,0.0,0,0,150.0,False,True,10000.0,False,True,0.0,0.0,0.0,0,0.0
2035_EB,S4,Force fonterra_opt4_N_plus150MW,1,0.95,0.9,0.9,10000.0,1.3,fonterra_opt4_N_plus150MW,150.0,6582051.936159305,785909.0909090908,0.0,0.0,0.0,6582051.936159305,0.0,0.0,0.0,0,0,150.0,True,True,10000.0,False,True,1676229.22640857,1676229.22640857,1676229.22640857,0,0.0
2035_EB,S_AUTO,Auto-select upgrade (min cost),1,0.95,0.9,0.9,10000.0,1.3,fonterra_opt3_N_plus97MW,97.0,4905822.709750735,785909.0909090908,0.0,0.0,0.0,4905822.709750735,0.0,0.0,0.0,0,0,150.0,False,True,10000.0,True,False,0.0,0.0,0.0,0,0.0
2035_EB,S0,No upgrade (allow shedding),2,1.05,0.95,1.1,15000.0,1.2,none,0.0,0.0,868636.3636363635,442176.6526374285,0.5090469051817597,6632649789.561427,6632649789.561427,106.1138881891971,96.65559348831468,100.7504598194351,8165,8165,150.0,False,False,15000.0,False,True,6625223884.81294,6625223884.81294,6625223884.81294,8165,106.1138881891971
2035_EB,S1,Force fonterra_opt1_N_plus21MW,2,1.05,0.95,1.1,15000.0,1.2,fonterra_opt1_N_plus21MW,21.0,950515.8078063899,868636.3636363635,298399.1338686382,0.34352595212506754,4475987008.0295725,4476937523.8373785,85.1138881891971,76.6857798849321,80.14649429258743,6105,6105,150.0,False,False,15000.0,False,True,4469511619.088891,4469511619.088891,4469511619.088891,6105,85.1138881891971
2035_EB,S2,Force fonterra_opt2_N-1_plus32MW,2,1.05,0.95,1.1,15000.0,1.2,fonterra_opt2_N-1_plus32MW,32.0,3376311.358978947,868636.3636363635,234428.02374564589,0.26988050876003195,3516420356.184688,3519796667.543667,74.1138881891971,66.03899334172328,69.36708197467937,5490,5490,150.0,False,False,15000.0,False,True,3512370762.7951794,3512370762.7951794,3512370762.7951794,5490,74.1138881891971
2035_EB,S3,Force fonterra_opt3_N_plus97MW,2,1.05,0.95,1.1,15000.0,1.2,fonterra_opt3_N_plus97MW,97.0,5534774.339205958,868636.3636363635,916.9074638338054,0.0010555711252927117,13753611.957507081,19288386.29671304,9.113888189197098,5.786083624211119,7.7721491311546265,373,373,150.0,False,False,15000.0,False,True,11862481.548225619,11862481.548225619,11862481.548225619,373,9.113888189197098
2035_EB,S4,Force fonterra_opt4_N_plus150MW,2,1.05,0.95,1.1,15000.0,1.2,fonterra_opt4_N_plus150MW,150.0,7425904.748487421,868636.3636363635,0.0,0.0,0.0,7425904.748487421,0.0,0.0,0.0,0,0,150.0,True,True,15000.0,False,True,0.0,0.0,0.0,0,0.0
2035_EB,S_AUTO,Auto-select upgrade (min cost),2,1.05,0.95,1.1,15000.0,1.2,fonterra_opt4_N_plus150MW,150.0,7425904.748487421,868636.3636363635,0.0,0.0,0.0,7425904.748487421,0.0,0.0,0.0,0,0,150.0,True,True,15000.0,True,False,0.0,0.0,0.0,0,0.0
2035_EB,S0,No upgrade (allow shedding),3,1.1,0.8,1.2,15000.0,1.4,none,0.0,0.0,910000.0,549521.9326627022,0.6038702556732991,8242828989.940533,8242828989.940533,118.05870375635405,107.57840029592485,111.85239321613818,8760,8760,150.0,False,False,15000.0,False,True,8233377838.442458,8233377838.442458,8233377838.442458,8760,118.05870375635405
2035_EB,S1,Force fonterra_opt1_N_plus21MW,3,1.1,0.8,1.2,15000.0,1.4,fonterra_opt1_N_plus21MW,21.0,1209747.391753587,910000.0,375936.0661744,0.4131165562356044,5639040992.616,5640250740.007753,97.05870375635405,87.56410057601677,91.33499171265866,6954,6954,150.0,False,False,15000.0,False,True,5630799588.509679,5630799588.509679,5630799588.509679,6954,97.05870375635405
2035_EB,S2,Force fonterra_opt2_N-1_plus32MW,3,1.1,0.8,1.2,15000.0,1.4,fonterra_opt2_N-1_plus32MW,32.0,4297123.547791388,910000.0,304106.73652566364,0.3341832269512787,4561601047.884954,4565898171.432746,86.05870375635405,76.90296492597656,80.62552411748513,6224,6224,150.0,False,False,15000.0,False,True,4556447019.934671,4556447019.934671,4556447019.934671,6224,86.05870375635405
2035_EB,S3,Force fonterra_opt3_N_plus97MW,3,1.1,0.8,1.2,15000.0,1.4,fonterra_opt3_N_plus97MW,97.0,7044258.249898491,910000.0,12510.706511550065,0.0137480291335715,187660597.67325097,194704855.92314947,21.05870375635405,14.794003999499415,17.557518426104462,1775,1775,150.0,False,False,15000.0,False,True,185253704.42507458,185253704.42507458,185253704.42507458,1775,21.05870375635405
2035_EB,S4,Force fonterra_opt4_N_plus150MW,3,1.1,0.8,1.2,15000.0,1.4,fonterra_opt4_N_plus150MW,150.0,9451151.498074898,910000.0,0.0,0.0,0.0,9451151.498074898,0.0,0.0,0.0,0,0,150.0,True,True,15000.0,False,True,0.0,0.0,0.0,0,0.0
2035_EB,S_AUTO,Auto-select upgrade (min cost),3,1.1,0.8,1.2,15000.0,1.4,fonterra_opt4_N_plus150MW,150.0,9451151.498074898,910000.0,0.0,0.0,0.0,9451151.498074898,0.0,0.0,0.0,0,0,150.0,True,True,15000.0,True,False,0.0,0.0,0.0,0,0.0
2035_EB,S0,No upgrade (allow shedding),4,1.0,0.9,1.0,20000.0,1.25,none,0.0,0.0,827272.7272727272,423069.1658461845,0.5114022883854977,8461383316.92369,8461383316.92369,101.22893792550839,92.20429448732607,96.09785273981932,8221,8221,150.0,False,False,20000.0,False,True,8455024432.935131,8455024432.935131,8455024432.935131,8221,101.22893792550839
2035_EB,S1,Force fonterra_opt1_N_plus21MW,4,1.0,0.9,1.0,20000.0,1.25,fonterra_opt1_N_plus21MW,21.0,900109.6664833238,827272.7272727272,279373.8769310157,0.3377046864001289,5587477538.620314,5588377648.286797,80.22893792550839,72.20193421726412,75.51419355505998,6074,6074,150.0,False,False,20000.0,False,True,5582018764.298238,5582018764.298238,5582018764.298238,6074,80.22893792550839
2035_EB,S2,Force fonterra_opt2_N-1_plus32MW,4,1.0,0.9,1.0,20000.0,1.25,fonterra_opt2_N-1_plus32MW,32.0,3197264.5444876393,827272.7272727272,216034.8447699207,0.2611410211504536,4320696895.398414,4323894159.942902,69.22893792550839,61.56245050481968,64.71009971682295,5431,5431,150.0,False,False,20000.0,False,True,4317535275.954343,4317535275.954343,4317535275.954343,5431,69.22893792550839
2035_EB,S3,Force fonterra_opt3_N_plus97MW,4,1.0,0.9,1.0,20000.0,1.25,fonterra_opt3_N_plus97MW,97.0,5241263.57879352,827272.7272727272,55.88102048825779,6.754848630448744e-05,1117620.4097651558,6358883.988558676,4.228937925508404,3.4027246023851734,4.001679967635076,49,49,150.0,False,False,20000.0,False,True,0.0,0.0,0.0,49,4.228937925508404
2035_EB,S4,Force fonterra_opt4_N_plus150MW,4,1.0,0.9,1.0,20000.0,1.25,fonterra_opt4_N_plus150MW,150.0,7032106.769400966,827272.7272727272,0.0,0.0,0.0,7032106.769400966,0.0,0.0,0.0,0,0,150.0,True,True,20000.0,False,True,673222.7808422903,673222.7808422903,673222.7808422903,0,0.0
2035_EB,S_AUTO,Auto-select upgrade (min cost),4,1.0,0.9,1.0,20000.0,1.25,fonterra_opt3_N_plus97MW,97.0,5241263.57879352,827272.7272727272,55.88102048825779,6.754848630448744e-05,1117620.4097651558,6358883.988558676,4.228937925508404,3.4027246023851734,4.001679967635076,49,49,150.0,False,False,20000.0,True,False,0.0,0.0,0.0,49,4.228937925508404
2035_EB,S0,No upgrade (allow shedding),5,1.05,0.85,1.15,10000.0,1.35,none,0.0,0.0,868636.3636363635,485632.8757837232,0.5590750009022455,4856328757.837232,4856328757.837232,109.64382084093123,99.7256501210884,104.00581084816987,8750,8750,150.0,False,False,10000.0,False,True,4847594881.229635,4847594881.229635,4847594881.229635,8750,109.64382084093123
2035_EB,S1,Force fonterra_opt1_N_plus21MW,5,1.05,0.85,1.15,10000.0,1.35,fonterra_opt1_N_plus21MW,21.0,1117936.2057722881,868636.3636363635,326262.7949115215,0.3756034268997108,3262627949.115215,3263745885.320987,88.64382084093123,79.88422174672333,83.40081068871112,6434,6434,150.0,False,False,10000.0,False,True,3255012008.7133913,3255012008.7133913,3255012008.7133913,6434,88.64382084093123
2035_EB,S2,Force fonterra_opt2_N-1_plus32MW,5,1.05,0.85,1.15,10000.0,1.35,fonterra_opt2_N-1_plus32MW,32.0,3971002.5642536483,868636.3636363635,258653.10341885686,0.29776914051359765,2586531034.1885686,2590502036.7528224,77.64382084093123,69.19101975210853,72.71459194010103,5851,5851,150.0,False,False,10000.0,False,True,2581768160.1452265,2581768160.1452265,2581768160.1452265,5851,77.64382084093123
2035_EB,S3,Force fonterra_opt3_N_plus97MW,5,1.05,0.85,1.15,10000.0,1.35,fonterra_opt3_N_plus97MW,97.0,6509649.364861553,868636.3636363635,2751.621108145955,0.003167748005191576,27516211.081459552,34025860.44632111,12.643820840931227,8.286156339058286,10.53235835807416,754,754,150.0,False,False,10000.0,False,True,25291983.838725105,25291983.838725105,25291983.838725105,754,12.643820840931227
2035_EB,S4,Force fonterra_opt4_N_plus150MW,5,1.05,0.85,1.15,10000.0,1.35,fonterra_opt4_N_plus150MW,150.0,8733876.607596003,868636.3636363635,0.0,0.0,0.0,8733876.607596003,0.0,0.0,0.0,0,0,150.0,True,True,10000.0,False,True,0.0,0.0,0.0,0,0.0
2035_EB,S_AUTO,Auto-select upgrade (min cost),5,1.05,0.85,1.15,10000.0,1.35,fonterra_opt4_N_plus150MW,150.0,8733876.607596003,868636.3636363635,0.0,0.0,0.0,8733876.607596003,0.0,0.0,0.0,0,0,150.0,True,True,10000.0,True,False,0.0,0.0,0.0,0,0.0
2035_EB,S0,No upgrade (allow shedding),6,0.95,0.95,0.95,15000.0,1.15,none,0.0,0.0,785909.0909090908,366924.84484930383,0.46687950183254395,5503872672.739557,5503872672.739557,92.81405501008555,84.88067425956422,88.36528335237522,7058,7058,150.0,False,False,15000.0,False,True,5499291808.371692,5499291808.371692,5499291808.371692,7058,92.81405501008555
2035_EB,S1,Force fonterra_opt1_N_plus21MW,6,0.95,0.95,0.95,15000.0,1.15,fonterra_opt1_N_plus21MW,21.0,786695.8485064249,785909.0909090908,235105.98682567023,0.29915163158847574,3526589802.3850536,3527376498.23356,71.81405501008555,64.52809662436958,67.61204030516448,5683,5683,150.0,False,False,15000.0,False,True,3522795633.8656945,3522795633.8656945,3522795633.8656945,5683,71.81405501008555
2035_EB,S2,Force fonterra_opt2_N-1_plus32MW,6,0.95,0.95,0.95,15000.0,1.15,fonterra_opt2_N-1_plus32MW,32.0,2794409.211882197,785909.0909090908,175706.5078292922,0.22357103367521278,2635597617.439383,2638392026.651265,60.81405501008555,53.85114818516552,56.702849330561044,5192,5192,150.0,False,False,15000.0,False,True,2633811162.2833996,2633811162.2833996,2633811162.2833996,5192,60.81405501008555
2035_EB,S3,Force fonterra_opt3_N_plus97MW,6,0.95,0.95,0.95,15000.0,1.15,fonterra_opt3_N_plus97MW,97.0,4580864.367865536,785909.0909090908,0.0,0.0,0.0,4580864.367865536,0.0,0.0,0.0,0,0,150.0,False,True,15000.0,False,True,0.0,0.0,0.0,0,0.0
2035_EB,S4,Force fonterra_opt4_N_plus150MW,6,0.95,0.95,0.95,15000.0,1.15,fonterra_opt4_N_plus150MW,150.0,6146061.316456445,785909.0909090908,0.0,0.0,0.0,6146061.316456445,0.0,0.0,0.0,0,0,150.0,True,True,15000.0,False,True,1565196.9485909082,1565196.9485909082,1565196.9485909082,0,0.0
2035_EB,S_AUTO,Auto-select upgrade (min cost),6,0.95,0.95,0.95,15000.0,1.15,fonterra_opt3_N_plus97MW,97.0,4580864.367865536,785909.0909090908,0.0,0.0,0.0,4580864.367865536,0.0,0.0,0.0,0,0,150.0,False,True,15000.0,True,False,0.0,0.0,0.0,0,0.0
2035_EB,S0,No upgrade (allow shedding),7,1.08,0.88,1.05,15000.0,1.28,none,0.0,0.0,893454.5454545454,496940.03683364985,0.5562006924267551,7454100552.504747,7454100552.504747,112.57479099914448,102.3708322597414,106.78625575502795,8740,8740,150.0,False,False,15000.0,False,True,7446539631.306288,7446539631.306288,7446539631.306288,8740,112.57479099914448
2035_EB,S1,Force fonterra_opt1_N_plus21MW,7,1.08,0.88,1.05,15000.0,1.28,fonterra_opt1_N_plus21MW,21.0,967797.9134028697,893454.5454545454,337792.6625780499,0.378074815665298,5066889938.670748,5067857736.58415,91.57479099914448,82.55611217292689,86.17854365986322,6448,6448,150.0,False,False,15000.0,False,True,5060296815.385691,5060296815.385691,5060296815.385691,6448,91.57479099914448
2035_EB,S2,Force fonterra_opt2_N-1_plus32MW,7,1.08,0.88,1.05,15000.0,1.28,fonterra_opt2_N-1_plus32MW,32.0,3437698.83823311,893454.5454545454,269958.87792575744,0.3021517762701803,4049383168.8863616,4052820867.7245946,80.57479099914448,71.8695802282347,75.47894856461217,5883,5883,150.0,False,False,15000.0,False,True,4045259946.5261345,4045259946.5261345,4045259946.5261345,5883,80.57479099914448
2035_EB,S3,Force fonterra_opt3_N_plus97MW,7,1.08,0.88,1.05,15000.0,1.28,fonterra_opt3_N_plus97MW,97.0,5635406.599918793,893454.5454545454,5171.049152129556,0.005787702551223557,77565737.28194334,83201143.88186213,15.574790999144483,10.740026281772131,12.868252209749228,1066,1066,150.0,False,False,15000.0,False,True,75640222.68340221,75640222.68340221,75640222.68340221,1066,15.574790999144483
2035_EB,S4,Force fonterra_opt4_N_plus150MW,7,1.08,0.88,1.05,15000.0,1.28,fonterra_opt4_N_plus150MW,150.0,7560921.19845992,893454.5454545454,0.0,0.0,0.0,7560921.19845992,0.0,0.0,0.0,0,0,150.0,True,True,15000.0,False,True,0.0,0.0,0.0,0,0.0
2035_EB,S_AUTO,Auto-select upgrade (min cost),7,1.08,0.88,1.05,15000.0,1.28,fonterra_opt4_N_plus150MW,150.0,7560921.19845992,893454.5454545454,0.0,0.0,0.0,7560921.19845992,0.0,0.0,0.0,0,0,150.0,True,True,15000.0,True,False,0.0,0.0,0.0,0,0.0
2035_EB,S0,No upgrade (allow shedding),8,0.98,0.92,1.08,10000.0,1.22,none,0.0,0.0,810727.2727272727,399650.2458289459,0.4929527589278319,3996502458.2894588,3996502458.2894588,97.86298475933926,89.2608828098724,93.00488927216745,7713,7713,150.0,False,False,10000.0,False,True,3990961531.714537,3990961531.714537,3990961531.714537,7713,97.86298475933926
2035_EB,S1,Force fonterra_opt1_N_plus21MW,8,0.98,0.92,1.08,10000.0,1.22,fonterra_opt1_N_plus21MW,21.0,948787.5972467419,810727.2727272727,261328.45512676451,0.3223383052696131,2613284551.2676454,2614233338.864892,76.86298475933926,69.14945787099919,72.38192514283816,5919,5919,150.0,False,False,10000.0,False,True,2608692412.2899704,2608692412.2899704,2608692412.2899704,5919,76.86298475933926
2035_EB,S2,Force fonterra_opt2_N-1_plus32MW,8,0.98,0.92,1.08,10000.0,1.22,fonterra_opt2_N-1_plus32MW,32.0,3370172.611053531,810727.2727272727,199742.8356076629,0.24637488132813323,1997428356.0766292,2000798528.6876826,65.86298475933926,58.46893974795406,61.48352989450981,5343,5343,150.0,False,False,10000.0,False,True,1995257602.112761,1995257602.112761,1995257602.112761,5343,65.86298475933926
2035_EB,S3,Force fonterra_opt3_N_plus97MW,8,0.98,0.92,1.08,10000.0,1.22,fonterra_opt3_N_plus97MW,97.0,5524711.113134676,810727.2727272727,1.6215461786852643,2.0001130259629857e-06,16215.461786852644,5540926.574921528,0.8629847593392412,0.8183257440624686,0.8540529562838867,3,3,150.0,False,False,10000.0,False,True,0.0,0.0,0.0,3,0.8629847593392412
2035_EB,S4,Force fonterra_opt4_N_plus150MW,8,0.98,0.92,1.08,10000.0,1.22,fonterra_opt4_N_plus150MW,150.0,7412403.103490171,810727.2727272727,0.0,0.0,0.0,7412403.103490171,0.0,0.0,0.0,0,0,150.0,True,True,10000.0,False,True,1871476.5285686431,1871476.5285686431,1871476.5285686431,0,0.0
2035_EB,S_AUTO,Auto-select upgrade (min cost),8,0.98,0.92,1.08,10000.0,1.22,fonterra_opt3_N_plus97MW,97.0,5524711.113134676,810727.2727272727,1.6215461786852643,2.0001130259629857e-06,16215.461786852644,5540926.574921528,0.8629847593392412,0.8183257440624686,0.8540529562838867,3,3,150.0,False,False,10000.0,True,False,0.0,0.0,0.0,3,0.8629847593392412
2035_EB,S0,No upgrade (allow shedding),9,1.02,0.87,0.92,20000.0,1.32,none,0.0,0.0,843818.1818181818,452034.99132428423,0.5357018858615736,9040699826.485685,9040699826.485685,104.94788435685095,95.44421041915501,99.56168418790817,8600,8600,150.0,False,False,20000.0,False,True,9033867994.117077,9033867994.117077,9033867994.117077,8600,104.94788435685095
2035_EB,S1,Force fonterra_opt1_N_plus21MW,9,1.02,0.87,0.92,20000.0,1.32,fonterra_opt1_N_plus21MW,21.0,874474.5431818786,843818.1818181818,300599.3384007262,0.35623709571299167,6011986768.014524,6012861242.557706,83.94788435685095,75.5730379705085,79.03877451493835,6246,6246,150.0,False,False,20000.0,False,True,6006029410.189097,6006029410.189097,6006029410.189097,6246,83.94788435685095
2035_EB,S2,Force fonterra_opt2_N-1_plus32MW,9,1.02,0.87,0.92,20000.0,1.32,fonterra_opt2_N-1_plus32MW,32.0,3106206.4502606317,843818.1818181818,235081.9180318675,0.2785930939830363,4701638360.63735,4704744567.08761,72.94788435685095,64.93388137847612,68.24946953904735,5651,5651,150.0,False,False,20000.0,False,True,4697912734.719002,4697912734.719002,4697912734.719002,5651,72.94788435685095
2035_EB,S3,Force fonterra_opt3_N_plus97MW,9,1.02,0.87,0.92,20000.0,1.32,fonterra_opt3_N_plus97MW,97.0,5091992.392069481,843818.1818181818,560.5391197382643,0.0006642889805129182,11210782.394765286,16302774.786834767,7.947884356850949,5.093625906640841,6.784915993908721,277,277,150.0,False,False,20000.0,False,True,9470942.418226339,9470942.418226339,9470942.418226339,277,7.947884356850949
2035_EB,S4,Force fonterra_opt4_N_plus150MW,9,1.02,0.87,0.92,20000.0,1.32,fonterra_opt4_N_plus150MW,150.0,6831832.368608427,843818.1818181818,0.0,0.0,0.0,6831832.368608427,0.0,0.0,0.0,0,0,150.0,True,True,20000.0,False,True,0.0,0.0,0.0,0,0.0
2035_EB,S_AUTO,Auto-select upgrade (min cost),9,1.02,0.87,0.92,20000.0,1.32,fonterra_opt4_N_plus150MW,150.0,6831832.368608427,843818.1818181818,0.0,0.0,0.0,6831832.368608427,0.0,0.0,0.0,0,0,150.0,True,True,20000.0,True,False,0.0,0.0,0.0,0,0.0
2035_EB,S0,No upgrade (allow shedding),10,1.03,0.93,1.12,15000.0,1.18,none,0.0,0.0,852090.9090909091,434531.30110831454,0.509958851188676,6517969516.624718,6517969516.624718,104.1599080837216,94.87534209910949,98.89059149496889,8182,8182,150.0,False,False,15000.0,False,True,6510534610.779566,6510534610.779566,6510534610.779566,8182,104.1599080837216
2035_EB,S1,Force fonterra_opt1_N_plus21MW,10,1.03,0.93,1.12,15000.0,1.18,fonterra_opt1_N_plus21MW,21.0,951667.9481794887,852090.9090909091,290786.477604692,0.3412622696737023,4361797164.07038,4362748832.018559,83.1599080837216,74.8908258107229,78.2903340054554,6093,6093,150.0,False,False,15000.0,False,True,4355313926.173408,4355313926.173408,4355313926.173408,6093,83.1599080837216
2035_EB,S2,Force fonterra_opt2_N-1_plus32MW,10,1.03,0.93,1.12,15000.0,1.18,fonterra_opt2_N-1_plus32MW,32.0,3380403.8575958917,852090.9090909091,227063.08391501533,0.26647753366746707,3405946258.72523,3409326662.582826,72.1599080837216,64.24952402343017,67.50429030480632,5467,5467,150.0,False,False,15000.0,False,True,3401891756.7376738,3401891756.7376738,3401891756.7376738,5467,72.1599080837216
2035_EB,S3,Force fonterra_opt3_N_plus97MW,10,1.03,0.93,1.12,15000.0,1.18,fonterra_opt3_N_plus97MW,97.0,5541483.156586814,852090.9090909091,385.6066122146762,0.0004525416338804479,5784099.183220143,11325582.339806957,7.159908083721604,4.660753895322034,6.504294284706639,214,214,150.0,False,False,15000.0,False,True,3890676.494654702,3890676.494654702,3890676.494654702,214,7.159908083721604
2035_EB,S4,Force fonterra_opt4_N_plus150MW,10,1.03,0.93,1.12,15000.0,1.18,fonterra_opt4_N_plus150MW,150.0,7434905.845152255,852090.9090909091,0.0,0.0,0.0,7434905.845152255,0.0,0.0,0.0,0,0,150.0,True,True,15000.0,False,True,0.0,0.0,0.0,0,0.0
2035_EB,S_AUTO,Auto-select upgrade (min cost),10,1.03,0.93,1.12,15000.0,1.18,fonterra_opt4_N_plus150MW,150.0,7434905.845152255,852090.9090909091,0.0,0.0,0.0,7434905.845152255,0.0,0.0,0.0,0,0,150.0,True,True,15000.0,True,False,0.0,0.0,0.0,0,0.0
2035_EB,S0,No upgrade (allow shedding),11,0.97,0.86,1.03,10000.0,1.27,none,0.0,0.0,802454.5454545454,415792.0168035446,0.51815024185329,4157920168.035446,4157920168.035446,98.65096103246859,89.79048636177696,93.6506856608966,8359,8359,150.0,False,False,10000.0,False,True,4152383141.105333,4152383141.105333,4152383141.105333,8359,98.65096103246859
2035_EB,S1,Force fonterra_opt1_N_plus21MW,11,0.97,0.86,1.03,10000.0,1.27,fonterra_opt1_N_plus21MW,21.0,941946.7637814686,802454.5454545454,270630.6401928959,0.3372535450460921,2706306401.928959,2707248348.6927404,77.65096103246859,69.82696601183524,73.06980088231346,6081,6081,150.0,False,False,10000.0,False,True,2701711321.762627,2701711321.762627,2701711321.762627,6081,77.65096103246859
2035_EB,S2,Force fonterra_opt2_N-1_plus32MW,11,0.97,0.86,1.03,10000.0,1.27,fonterra_opt2_N-1_plus32MW,32.0,3345873.400515425,802454.5454545454,207297.84436999357,0.2583297029647592,2072978443.6999357,2076324317.100451,66.65096103246859,59.20479067695136,62.27085501194269,5423,5423,150.0,False,False,10000.0,False,True,2070787290.1703377,2070787290.1703377,2070787290.1703377,5423,66.65096103246859
2035_EB,S3,Force fonterra_opt3_N_plus97MW,11,0.97,0.86,1.03,10000.0,1.27,fonterra_opt3_N_plus97MW,97.0,5484877.509935844,802454.5454545454,5.214942017753927,6.498738211769933e-06,52149.42017753927,5537026.930113383,1.6509610324685866,1.5114006351454616,1.6230489530039613,7,7,150.0,False,False,10000.0,False,True,0.0,0.0,0.0,7,1.6509610324685866
2035_EB,S4,Force fonterra_opt4_N_plus150MW,11,0.97,0.86,1.03,10000.0,1.27,fonterra_opt4_N_plus150MW,150.0,7358959.092042724,802454.5454545454,0.0,0.0,0.0,7358959.092042724,0.0,0.0,0.0,0,0,150.0,True,True,10000.0,False,True,1821932.161929341,1821932.161929341,1821932.161929341,0,0.0
2035_EB,S_AUTO,Auto-select upgrade (min cost),11,0.97,0.86,1.03,10000.0,1.27,fonterra_opt3_N_plus97MW,97.0,5484877.509935844,802454.5454545454,5.214942017753927,6.498738211769933e-06,52149.42017753927,5537026.930113383,1.6509610324685866,1.5114006351454616,1.6230489530039613,7,7,150.0,False,False,10000.0,True,False,0.0,0.0,0.0,7,1.6509610324685866
2035_EB,S0,No upgrade (allow shedding),12,1.06,0.91,0.88,15000.0,1.23,none,0.0,0.0,876909.0909090909,467187.2275680144,0.5327658618337299,7007808413.520216,7007808413.520216,108.85584456780192,99.0027974508632,103.27501890498633,8576,8576,150.0,False,False,15000.0,False,True,7001719171.626456,7001719171.626456,7001719171.626456,8576,108.85584456780192
2035_EB,S1,Force fonterra_opt1_N_plus21MW,12,1.06,0.91,0.88,15000.0,1.23,fonterra_opt1_N_plus21MW,21.0,779422.9624012397,876909.0909090909,315902.4865547989,0.36024542319124897,4738537298.321983,4739316721.284385,87.85584456780192,79.1627529119757,82.74626032651044,6264,6264,150.0,False,False,15000.0,False,True,4733227479.390625,4733227479.390625,4733227479.390625,6264,87.85584456780192
2035_EB,S2,Force fonterra_opt2_N-1_plus32MW,12,1.06,0.91,0.88,15000.0,1.23,fonterra_opt2_N-1_plus32MW,32.0,2768575.314362737,876909.0909090909,250002.39832250768,0.2850950011971371,3750035974.837615,3752804550.1519775,76.85584456780192,68.50848684933376,71.96379984618167,5700,5700,150.0,False,False,15000.0,False,True,3746715308.258218,3746715308.258218,3746715308.258218,5700,76.85584456780192
2035_EB,S3,Force fonterra_opt3_N_plus97MW,12,1.06,0.91,0.88,15000.0,1.23,fonterra_opt3_N_plus97MW,97.0,4538514.9581488855,876909.0909090909,2203.7077079842848,0.002513040098261158,33055615.619764272,37594130.57791316,11.855844567801938,7.874372728819564,10.138854707142455,632,632,150.0,False,False,15000.0,False,True,31504888.68415347,31504888.68415347,31504888.68415347,632,11.855844567801938
2035_EB,S4,Force fonterra_opt4_N_plus150MW,12,1.06,0.91,0.88,15000.0,1.23,fonterra_opt4_N_plus150MW,150.0,6089241.893759686,876909.0909090909,0.0,0.0,0.0,6089241.893759686,0.0,0.0,0.0,0,0,150.0,True,True,15000.0,False,True,0.0,0.0,0.0,0,0.0
2035_EB,S_AUTO,Auto-select upgrade (min cost),12,1.06,0.91,0.88,15000.0,1.23,fonterra_opt4_N_plus150MW,150.0,6089241.893759686,876909.0909090909,0.0,0.0,0.0,6089241.893759686,0.0,0.0,0.0,0,0,150.0,True,True,15000.0,True,False,0.0,0.0,0.0,0,0.0
2035_EB,S0,No upgrade (allow shedding),13,1.01,0.89,1.18,20000.0,1.29,none,0.0,0.0,835545.4545454545,435250.8374106821,0.5209182038426182,8705016748.213642,8705016748.213642,102.91191450859294,93.66171267251428,97.67886165849367,8420,8420,150.0,False,False,20000.0,False,True,8696453329.874136,8696453329.874136,8696453329.874136,8420,102.91191450859294
2035_EB,S1,Force fonterra_opt1_N_plus21MW,13,1.01,0.89,1.18,20000.0,1.29,fonterra_opt1_N_plus21MW,21.0,1096117.5474567323,835545.4545454545,288553.2071833584,0.34534710902153654,5771064143.667168,5772160261.214624,81.91191450859294,73.70293556460311,77.11571818782286,6151,6151,150.0,False,False,20000.0,False,True,5763596842.875118,5763596842.875118,5763596842.875118,6151,81.91191450859294
2035_EB,S2,Force fonterra_opt2_N-1_plus32MW,13,1.01,0.89,1.18,20000.0,1.29,fonterra_opt2_N-1_plus32MW,32.0,3893500.871695268,835545.4545454545,224305.10603807383,0.2684535052136669,4486102120.7614765,4489995621.633172,70.91191450859294,63.0900381488484,66.35140629661353,5500,5500,150.0,False,False,20000.0,False,True,4481432203.293666,4481432203.293666,4481432203.293666,5500,70.91191450859294
2035_EB,S3,Force fonterra_opt3_N_plus97MW,13,1.01,0.89,1.18,20000.0,1.29,fonterra_opt3_N_plus97MW,97.0,6382601.135711597,835545.4545454545,186.90144659795942,0.0002236879460970029,3738028.9319591885,10120630.067670785,5.911914508592957,4.279761166492306,5.404373446858988,128,128,150.0,False,False,20000.0,False,True,1557211.728165064,1557211.728165064,1557211.728165064,128,5.911914508592957
2035_EB,S4,Force fonterra_opt4_N_plus150MW,13,1.01,0.89,1.18,20000.0,1.29,fonterra_opt4_N_plus150MW,150.0,8563418.33950572,835545.4545454545,0.0,0.0,0.0,8563418.33950572,0.0,0.0,0.0,0,0,150.0,True,True,20000.0,False,True,0.0,0.0,0.0,0,0.0
2035_EB,S_AUTO,Auto-select upgrade (min cost),13,1.01,0.89,1.18,20000.0,1.29,fonterra_opt4_N_plus150MW,150.0,8563418.33950572,835545.4545454545,0.0,0.0,0.0,8563418.33950572,0.0,0.0,0.0,0,0,150.0,True,True,20000.0,True,False,0.0,0.0,0.0,0,0.0
2035_EB,S0,No upgrade (allow shedding),14,0.99,0.94,1.06,10000.0,1.21,none,0.0,0.0,819000.0,399783.3147421663,0.4881359154361005,3997833147.4216633,3997833147.4216633,98.4869815469036,89.8908615517208,93.62766410984857,7605,7605,150.0,False,False,10000.0,False,True,3992409668.9150853,3992409668.9150853,3992409668.9150853,7605,98.4869815469036
2035_EB,S1,Force fonterra_opt1_N_plus21MW,14,0.99,0.94,1.06,10000.0,1.21,fonterra_opt1_N_plus21MW,21.0,923584.5265852088,819000.0,262543.9037052416,0.320566426990527,2625439037.0524163,2626362621.5790014,77.4869815469036,69.73095098914948,72.98551536608839,5892,5892,150.0,False,False,10000.0,False,True,2620939143.0724235,2620939143.0724235,2620939143.0724235,5892,77.4869815469036
2035_EB,S2,Force fonterra_opt2_N-1_plus32MW,14,0.99,0.94,1.06,10000.0,1.21,fonterra_opt2_N-1_plus32MW,32.0,3280649.2038078774,819000.0,201167.7916638876,0.24562611924772598,2011677916.638876,2014958565.8426838,66.4869815469036,59.04729031308397,62.078829722654916,5337,5337,150.0,False,False,10000.0,False,True,2009535087.3361058,2009535087.3361058,2009535087.3361058,5337,66.4869815469036
2035_EB,S3,Force fonterra_opt3_N_plus97MW,14,0.99,0.94,1.06,10000.0,1.21,fonterra_opt3_N_plus97MW,97.0,5377955.732928456,819000.0,4.552277364950811,5.5583362209411615e-06,45522.77364950811,5423478.506577964,1.4869815469035927,1.3530947437586118,1.4602041862745965,7,7,150.0,False,False,10000.0,False,True,0.0,0.0,0.0,7,1.4869815469035927
2035_EB,S4,Force fonterra_opt4_N_plus150MW,14,0.99,0.94,1.06,10000.0,1.21,fonterra_opt4_N_plus150MW,150.0,7215504.113946944,819000.0,0.0,0.0,0.0,7215504.113946944,0.0,0.0,0.0,0,0,150.0,True,True,10000.0,False,True,1792025.6073689796,1792025.6073689796,1792025.6073689796,0,0.0
2035_EB,S_AUTO,Auto-select upgrade (min cost),14,0.99,0.94,1.06,10000.0,1.21,fonterra_opt3_N_plus97MW,97.0,5377955.732928456,819000.0,4.552277364950811,5.5583362209411615e-06,45522.77364950811,5423478.506577964,1.4869815469035927,1.3530947437586118,1.4602041862745965,7,7,150.0,False,False,10000.0,True,False,0.0,0.0,0.0,7,1.4869815469035927
2035_EB,S0,No upgrade (allow shedding),15,1.04,0.88,0.97,15000.0,1.26,none,0.0,0.0,860363.6363636362,464003.199239393,0.5393105654726673,6960047988.590895,6960047988.590895,107.25485772749985,97.53717152016009,101.74588086869271,8639,8639,150.0,False,False,15000.0,False,True,6953172275.876045,6953172275.876045,6953172275.876045,8639,107.25485772749985
2035_EB,S1,Force fonterra_opt1_N_plus21MW,15,1.04,0.88,0.97,15000.0,1.26,fonterra_opt1_N_plus21MW,21.0,880091.2275007346,860363.6363636362,311038.13324387255,0.3615193856384825,4665571998.658089,4666452089.88559,86.25485772749985,77.67214411739874,81.22432906175081,6288,6288,150.0,False,False,15000.0,False,True,4659576377.17074,4659576377.17074,4659576377.17074,6288,86.25485772749985
2035_EB,S2,Force fonterra_opt2_N-1_plus32MW,15,1.04,0.88,0.97,15000.0,1.26,fonterra_opt2_N-1_plus32MW,32.0,3126157.3810182344,860363.6363636362,244967.94447303517,0.2847260554948634,3674519167.0955276,3677645324.476546,75.25485772749985,67.04631534866245,70.46042667001733,5707,5707,150.0,False,False,15000.0,False,True,3670769611.7616963,3670769611.7616963,3670769611.7616963,5707,75.25485772749985
2035_EB,S3,Force fonterra_opt3_N_plus97MW,15,1.04,0.88,0.97,15000.0,1.26,fonterra_opt3_N_plus97MW,97.0,5124697.876801153,860363.6363636362,1384.362656786641,0.0016090436627908976,20765439.851799615,25890137.728600767,10.254857727499854,6.653899282941782,8.665522690536035,488,488,150.0,False,False,15000.0,False,True,19014425.013751276,19014425.013751276,19014425.013751276,488,10.254857727499854
2035_EB,S4,Force fonterra_opt4_N_plus150MW,15,1.04,0.88,0.97,15000.0,1.26,fonterra_opt4_N_plus150MW,150.0,6875712.714849489,860363.6363636362,0.0,0.0,0.0,6875712.714849489,0.0,0.0,0.0,0,0,150.0,True,True,15000.0,False,True,0.0,0.0,0.0,0,0.0
2035_EB,S_AUTO,Auto-select upgrade (min cost),15,1.04,0.88,0.97,15000.0,1.26,fonterra_opt4_N_plus150MW,150.0,6875712.714849489,860363.6363636362,0.0,0.0,0.0,6875712.714849489,0.0,0.0,0.0,0,0,150.0,True,True,15000.0,True,False,0.0,0.0,0.0,0,0.0
2035_EB,S0,No upgrade (allow shedding),16,1.07,0.92,1.14,15000.0,1.24,none,0.0,0.0,885181.8181818181,470976.91297927254,0.5320679924794083,7064653694.689088,7064653694.689088,109.83283462053966,99.89353170345396,104.2027856476858,8568,8568,150.0,False,False,15000.0,False,True,7056701225.785707,7056701225.785707,7056701225.785707,8568,109.83283462053966
2035_EB,S1,Force fonterra_opt1_N_plus21MW,16,1.07,0.92,1.14,15000.0,1.24,fonterra_opt1_N_plus21MW,21.0,1017916.019632661,885181.8181818181,319729.6419445991,0.3612022246472826,4795944629.168986,4796962545.188619,88.83283462053966,80.05987947214297,83.67309952014025,6267,6267,150.0,False,False,15000.0,False,True,4789010076.285238,4789010076.285238,4789010076.285238,6267,88.83283462053966
2035_EB,S2,Force fonterra_opt2_N-1_plus32MW,16,1.07,0.92,1.14,15000.0,1.24,fonterra_opt2_N-1_plus32MW,32.0,3615722.5280701816,885181.8181818181,253738.30394341546,0.2866510571405536,3806074559.151232,3809690281.6793017,77.83283462053966,69.40853862105052,72.89220650621502,5711,5711,150.0,False,False,15000.0,False,True,3801737812.7759213,3801737812.7759213,3801737812.7759213,5711,77.83283462053966
2035_EB,S3,Force fonterra_opt3_N_plus97MW,16,1.07,0.92,1.14,15000.0,1.24,fonterra_opt3_N_plus97MW,97.0,5927240.155986016,885181.8181818181,2819.158046650332,0.0031848350121345026,42287370.699754976,48214610.855740994,12.832834620539643,8.489968605031864,10.75267239005852,743,743,150.0,False,False,15000.0,False,True,40262141.95236083,40262141.95236083,40262141.95236083,743,12.832834620539643
2035_EB,S4,Force fonterra_opt4_N_plus150MW,16,1.07,0.92,1.14,15000.0,1.24,fonterra_opt4_N_plus150MW,150.0,7952468.903380165,885181.8181818181,0.0,0.0,0.0,7952468.903380165,0.0,0.0,0.0,0,0,150.0,True,True,15000.0,False,True,0.0,0.0,0.0,0,0.0
2035_EB,S_AUTO,Auto-select upgrade (min cost),16,1.07,0.92,1.14,15000.0,1.24,fonterra_opt4_N_plus150MW,150.0,7952468.903380165,885181.8181818181,0.0,0.0,0.0,7952468.903380165,0.0,0.0,0.0,0,0,150.0,True,True,15000.0,True,False,0.0,0.0,0.0,0,0.0
2035_EB,S0,No upgrade (allow shedding),17,0.96,0.86,1.01,20000.0,1.31,none,0.0,0.0,794181.8181818181,407800.06682107795,0.5134845163726943,8156001336.421559,8156001336.421559,97.32097771455742,88.62709260130325,92.39175355689753,8272,8272,150.0,False,False,20000.0,False,True,8150447144.1943865,8150447144.1943865,8150447144.1943865,8272,97.32097771455742
2035_EB,S1,Force fonterra_opt1_N_plus21MW,17,0.96,0.86,1.01,20000.0,1.31,fonterra_opt1_N_plus21MW,21.0,952748.0797792685,794181.8181818181,264171.9044454309,0.33263403719090434,5283438088.908618,5284390836.988398,76.32097771455742,68.61836583202587,71.81756497616307,6043,6043,150.0,False,False,20000.0,False,True,5278836644.761225,5278836644.761225,5278836644.761225,6043,76.32097771455742
2035_EB,S2,Force fonterra_opt2_N-1_plus32MW,17,0.96,0.86,1.01,20000.0,1.31,fonterra_opt2_N-1_plus32MW,32.0,3384240.575049277,794181.8181818181,201375.2188870415,0.2535631190198554,4027504377.74083,4030888618.3158793,65.32097771455742,57.97475209824538,60.99156523636817,5387,5387,150.0,False,False,20000.0,False,True,4025334426.088707,4025334426.088707,4025334426.088707,5387,65.32097771455742
2035_EB,S3,Force fonterra_opt3_N_plus97MW,17,0.96,0.86,1.01,20000.0,1.31,fonterra_opt3_N_plus97MW,97.0,5547772.672881366,794181.8181818181,0.3209777145574151,4.0416149955718476e-07,6419.554291148302,5554192.227172514,0.3209777145574151,0.3209777145574151,0.3209777145574151,1,1,150.0,False,False,20000.0,False,True,0.0,0.0,0.0,1,0.3209777145574151
2035_EB,S4,Force fonterra_opt4_N_plus150MW,17,0.96,0.86,1.01,20000.0,1.31,fonterra_opt4_N_plus150MW,150.0,7443344.373275535,794181.8181818181,0.0,0.0,0.0,7443344.373275535,0.0,0.0,0.0,0,0,150.0,True,True,20000.0,False,True,1889152.1461030208,1889152.1461030208,1889152.1461030208,0,0.0
2035_EB,S_AUTO,Auto-select upgrade (min cost),17,0.96,0.86,1.01,20000.0,1.31,fonterra_opt3_N_plus97MW,97.0,5547772.672881366,794181.8181818181,0.3209777145574151,4.0416149955718476e-07,6419.554291148302,5554192.227172514,0.3209777145574151,0.3209777145574151,0.3209777145574151,1,1,150.0,False,False,20000.0,True,False,0.0,0.0,0.0,1,0.3209777145574151
2035_EB,S0,No upgrade (allow shedding),18,1.09,0.9,1.07,10000.0,1.19,none,0.0,0.0,901727.2727272727,496229.50194764533,0.5503099628414254,4962295019.476454,4962295019.476454,113.19878778670879,102.9290018774927,107.37942553712966,8714,8714,150.0,False,False,10000.0,False,True,4955131834.236871,4955131834.236871,4955131834.236871,8714,113.19878778670879
2035_EB,S1,Force fonterra_opt1_N_plus21MW,18,1.09,0.9,1.07,10000.0,1.19,fonterra_opt1_N_plus21MW,21.0,916887.7106665729,901727.2727272727,338741.6014354058,0.37565859620823305,3387416014.354058,3388332902.0647244,92.19878778670879,83.09732496130513,86.76013690688202,6415,6415,150.0,False,False,10000.0,False,True,3381169716.825142,3381169716.825142,3381169716.825142,6415,92.19878778670879
2035_EB,S2,Force fonterra_opt2_N-1_plus32MW,18,1.09,0.9,1.07,10000.0,1.19,fonterra_opt2_N-1_plus32MW,32.0,3256861.555596889,901727.2727272727,271188.77821920597,0.3007436798478945,2711887782.1920595,2715144643.7476563,81.19878778670879,72.43998091874194,76.0820393653215,5857,5857,150.0,False,False,10000.0,False,True,2707981458.508074,2707981458.508074,2707981458.508074,5857,81.19878778670879
2035_EB,S3,Force fonterra_opt3_N_plus97MW,18,1.09,0.9,1.07,10000.0,1.19,fonterra_opt3_N_plus97MW,97.0,5338960.731902231,901727.2727272727,5754.000498867972,0.0063810873563411325,57540004.98867972,62878965.720581956,16.198787786708806,11.17821040550151,13.333076603598155,1134,1134,150.0,False,False,10000.0,False,True,55715780.48099936,55715780.48099936,55715780.48099936,1134,16.198787786708806
2035_EB,S4,Force fonterra_opt4_N_plus150MW,18,1.09,0.9,1.07,10000.0,1.19,fonterra_opt4_N_plus150MW,150.0,7163185.239582601,901727.2727272727,0.0,0.0,0.0,7163185.239582601,0.0,0.0,0.0,0,0,150.0,True,True,10000.0,False,True,0.0,0.0,0.0,0,0.0
2035_EB,S_AUTO,Auto-select upgrade (min cost),18,1.09,0.9,1.07,10000.0,1.19,fonterra_opt4_N_plus150MW,150.0,7163185.239582601,901727.2727272727,0.0,0.0,0.0,7163185.239582601,0.0,0.0,0.0,0,0,150.0,True,True,10000.0,True,False,0.0,0.0,0.0,0,0.0
2035_EB,S0,No upgrade (allow shedding),19,1.0,0.95,0.94,15000.0,1.33,none,0.0,0.0,827272.7272727272,403635.5784131399,0.4879111387411582,6054533676.197099,6054533676.197099,99.46397159964133,90.78918271436973,94.55800023039984,7599,7599,150.0,False,False,15000.0,False,True,6049095287.313766,6049095287.313766,6049095287.313766,7599,99.46397159964133
2035_EB,S1,Force fonterra_opt1_N_plus21MW,19,1.0,0.95,0.94,15000.0,1.33,fonterra_opt1_N_plus21MW,21.0,900253.6840299611,827272.7272727272,266318.1625974545,0.32192305368923074,3994772438.9618177,3995672692.645848,78.46397159964133,70.62191243566812,73.91765986149711,5905,5905,150.0,False,False,15000.0,False,True,3990234303.762515,3990234303.762515,3990234303.762515,5905,78.46397159964133
2035_EB,S2,Force fonterra_opt2_N-1_plus32MW,19,1.0,0.95,0.94,15000.0,1.33,fonterra_opt2_N-1_plus32MW,32.0,3197776.1068147575,827272.7272727272,204813.48027018708,0.24757673439253386,3072202204.0528064,3075399980.1596212,67.46397159964133,59.947866415916664,63.011334588945026,5342,5342,150.0,False,False,15000.0,False,True,3069961591.2762885,3069961591.2762885,3069961591.2762885,5342,67.46397159964133
2035_EB,S3,Force fonterra_opt3_N_plus97MW,19,1.0,0.95,0.94,15000.0,1.33,fonterra_opt3_N_plus97MW,97.0,5242102.180966128,827272.7272727272,13.085780157782281,1.5817976014901662e-05,196286.70236673421,5438388.883332862,2.463971599641326,2.2161602305952437,2.4144093258321098,12,12,150.0,False,False,15000.0,False,True,0.0,0.0,0.0,12,2.463971599641326
2035_EB,S4,Force fonterra_opt4_N_plus150MW,19,1.0,0.95,0.94,15000.0,1.33,fonterra_opt4_N_plus150MW,150.0,7033231.906484071,827272.7272727272,0.0,0.0,0.0,7033231.906484071,0.0,0.0,0.0,0,0,150.0,True,True,15000.0,False,True,1594843.0231512096,1594843.0231512096,1594843.0231512096,0,0.0
2035_EB,S_AUTO,Auto-select upgrade (min cost),19,1.0,0.95,0.94,15000.0,1.33,fonterra_opt3_N_plus97MW,97.0,5242102.180966128,827272.7272727272,13.085780157782281,1.5817976014901662e-05,196286.70236673421,5438388.883332862,2.463971599641326,2.2161602305952437,2.4144093258321098,12,12,150.0,False,False,15000.0,True,False,0.0,0.0,0.0,12,2.463971599641326
2035_EB,S0,No upgrade (allow shedding),20,1.02,0.87,1.11,15000.0,1.17,none,0.0,0.0,843818.1818181818,452034.99132428423,0.5357018858615736,6780524869.864264,6780524869.864264,104.94788435685095,95.44421041915501,99.56168418790817,8600,8600,150.0,False,False,15000.0,False,True,6773218792.215127,6773218792.215127,6773218792.215127,8600,104.94788435685095
2035_EB,S1,Force fonterra_opt1_N_plus21MW,20,1.02,0.87,1.11,15000.0,1.17,fonterra_opt1_N_plus21MW,21.0,935177.9390895142,843818.1818181818,300599.3384007262,0.35623709571299167,4508990076.010893,4509925253.949983,83.94788435685095,75.5730379705085,79.03877451493835,6246,6246,150.0,False,False,15000.0,False,True,4502619176.300846,4502619176.300846,4502619176.300846,6246,83.94788435685095
2035_EB,S2,Force fonterra_opt2_N-1_plus32MW,20,1.02,0.87,1.11,15000.0,1.17,fonterra_opt2_N-1_plus32MW,32.0,3321829.971140878,843818.1818181818,235081.9180318675,0.2785930939830363,3526228770.4780126,3529550600.4491534,72.94788435685095,64.93388137847612,68.24946953904735,5651,5651,150.0,False,False,15000.0,False,True,3522244522.8000164,3522244522.8000164,3522244522.8000164,5651,72.94788435685095
2035_EB,S3,Force fonterra_opt3_N_plus97MW,20,1.02,0.87,1.11,15000.0,1.17,fonterra_opt3_N_plus97MW,97.0,5445463.207823317,843818.1818181818,560.5391197382643,0.0006642889805129182,8408086.796073964,13853550.00389728,7.947884356850949,5.093625906640841,6.784915993908721,277,277,150.0,False,False,15000.0,False,True,6547472.354760451,6547472.354760451,6547472.354760451,277,7.947884356850949
2035_EB,S4,Force fonterra_opt4_N_plus150MW,20,1.02,0.87,1.11,15000.0,1.17,fonterra_opt4_N_plus150MW,150.0,7306077.649136828,843818.1818181818,0.0,0.0,0.0,7306077.649136828,0.0,0.0,0.0,0,0,150.0,True,True,15000.0,False,True,0.0,0.0,0.0,0,0.0
2035_EB,S_AUTO,Auto-select upgrade (min cost),20,1.02,0.87,1.11,15000.0,1.17,fonterra_opt4_N_plus150MW,150.0,7306077.649136828,843818.1818181818,0.0,0.0,0.0,7306077.649136828,0.0,0.0,0.0,0,0,150.0,True,True,15000.0,True,False,0.0,0.0,0.0,0,0.0
